hmis_record_id,person_id,hmis_client_unique_id,first_name,last_name,date_of_birth,ssn_last4,name_data_quality,dob_data_quality,ssn_data_quality,gender_hmis,race_ethnicity_all,veteran_status,disabling_condition,prior_living_situation_code,prior_living_situation_desc,enrollment_id,program_type,coc_region,program_start_date,program_exit_date,exit_reason_code,exit_reason_desc,housing_status_at_exit,destination_at_exit,ce_event_type,ce_event_date,vi_spdat_score,vi_spdat_score_date,chronic_homeless_status,referral_id,referral_status_code,referral_status_desc,referral_agency,referral_date,active_roi,revoked_consent,last_activity_date,last_activity_agency,data_source,hmis_platform
23d0198d-a2ee-4682-96de-120feec5847c,7bb646e9-4c76-46ef-b762-1b45feee1973,1d4afcd9-af57-4a90-a2e2-36548562e188,Liam,Williams,1958-05-31,6612,Full name reported,Full DOB reported,Client doesn't know,female,Native Hawaiian or Other Pacific Islander|White; Not Hispanic or Latino,Yes,No,HH,Place not meant for human habitation,34423b85-2772-4a90-bb04-4d96a2176f0d,Other,Seattle/King County CoC,20240812,20241127,06,Needs could not be met by program,Housed,Permanent housing,VI-SPDAT Assessment,20260213,1,20250604,No,24a45051-74b4-45d4-bdee-a2686ba94ce9,accepted,Accepted,Virginia Mason Medical Center,20250603,Yes,No,20251013,Virginia Mason Medical Center,BitFocus-Clarity-HMIS,BitFocus Clarity
32f4fbfd-28dc-4196-9d2e-4d11345e2394,b9e0169a-b6f8-4004-bba8-14e170a16c94,2b237fc0-7466-421d-9215-b7cd3caffb96,Liam,Martinez,1972-01-25,8365,Full name reported,Approx/partial DOB,Full SSN reported,female,Native Hawaiian or Other Pacific Islander|White; Not Hispanic or Latino,No,Yes,ES,Emergency Shelter,84975d35-4ea7-4067-945a-68978357a3a2,Transitional Housing,Washington Balance of State CoC,20240926,20250205,04,Non-payment of rent or occupancy charge,Housed,Permanent housing,Referral to PSH,20250814,16,20250312,No,541814e6-b212-4880-8b4e-39d0da776771,declined,Declined,PeaceHealth St. Joseph,20251221,Yes,No,20250920,PeaceHealth St. Joseph,BitFocus-Clarity-HMIS,BitFocus Clarity
9ed3b341-f651-4172-82f0-f45e1f37a8f6,d110876a-c93e-47a2-bdcf-e636a16eb392,a6c73e4e-b9ea-4668-8844-c056e225f465,Rosa,Garcia,1981-03-07,8537,Full name reported,Full DOB reported,Partial SSN,female,White; Not Hispanic or Latino,No,Yes,SH,Safe Haven,fa691dbc-1469-4b8f-a119-7ac85998c62b,Transitional Housing,Tacoma/Lakewood CoC,20240614,,,,,,Referral to RRH,20250927,11,20250620,Unknown,42841818-44f3-46cb-94da-4ff1dfb2bcb8,accepted,Accepted,MultiCare Health System,20250727,Yes,No,20251225,MultiCare Health System,BitFocus-Clarity-HMIS,BitFocus Clarity
53fae52e-5003-4fcc-95e7-4658e16a69b5,35c74396-d873-469e-bac5-212245e7aeb9,4ab8d9b0-1a48-4600-bc69-82592c8ce3c6,Carlos,Brown,1973-01-24,4476,Full name reported,Full DOB reported,Full SSN reported,male,Black or African American|American Indian or Alaska Native; Not Hispanic or Latino,No,Yes,PH,Permanent Housing,5c8d3a23-e3df-4d39-bf32-6055e6f7163e,Other,Tacoma/Lakewood CoC,20250828,,,,,,VI-SPDAT Assessment,20260104,11,20250817,Yes,b4f21968-3db8-4fc5-abf2-d176eb49f595,accepted,Accepted,Swedish Medical Center,20250624,Yes,No,20251118,Swedish Medical Center,BitFocus-Clarity-HMIS,BitFocus Clarity
3dadcff7-dea0-4211-b351-11a4a4a91c57,e0ea24ba-9ee2-428d-8fe3-df2641f9f21d,4e9551da-3af0-42b3-9245-63c2ff20f498,Ana,Jackson,1944-04-16,3524,Full name reported,Full DOB reported,Partial SSN,female,White|Black or African American; Hispanic or Latino,No,No,ES,Emergency Shelter,b6560b5c-9cca-4f64-b949-eab12da803df,Transitional Housing,Washington Balance of State CoC,20250106,,,,,,Phone Intake,20251108,11,20260126,No,ed658ed0-76a1-45af-afe2-b089f53a8182,pending,Pending,Swedish Medical Center,20260120,Yes,No,20251113,Swedish Medical Center,BitFocus-Clarity-HMIS,BitFocus Clarity
d99c8c41-982d-454c-b723-1dcb19766848,281b2699-cc06-45c2-a95c-f12af5582132,f9185423-3e54-47ec-9120-84d855085b53,Samuel,Smith,1985-04-20,3933,Full name reported,Full DOB reported,Partial SSN,female,American Indian or Alaska Native|White; Unknown,No,Yes,TH,Transitional Housing,b0d3b9b8-da15-47a1-bbb4-50bc6f0c009b,Emergency Shelter,Seattle/King County CoC,20251128,,,,,,Referral,20260219,2,20250426,Unknown,75e9850a-563e-416f-bb30-3dcfaaac61fb,accepted,Accepted,UW Medical Center,20250314,Yes,No,20250831,UW Medical Center,BitFocus-Clarity-HMIS,BitFocus Clarity
83845fbc-5d4a-404c-a191-773532dccfdf,0330ec98-08c5-4cf7-ab6b-5380341e2ae9,116777ad-8276-4bbf-9bde-05023a2cbb39,Wei,Martinez,2019-07-16,2471,Full name reported,Full DOB reported,Partial SSN,male,Native Hawaiian or Other Pacific Islander|American Indian or Alaska Native; Not Hispanic or Latino,No,Client doesn't know,PH,Permanent Housing,70ffb39c-d3d5-4a6d-8d02-658efe3e2559,Other,Spokane CoC,20240607,,,,,,Emergency Shelter Placement,20250403,1,20250819,No,9c679b75-d407-41cf-97c2-1a45d5d13aaa,accepted,Accepted,Virginia Mason Medical Center,20251114,Yes,No,20250919,Virginia Mason Medical Center,BitFocus-Clarity-HMIS,BitFocus Clarity
961f1e27-fa32-4db9-abf9-7a6e9a98a697,7a42b5c0-af3c-47e4-80a6-c105210fe058,55b43cef-4896-4ae7-88fd-98c9d807745c,Emma,Thomas,1973-11-24,3008,Full name reported,Full DOB reported,Partial SSN,male,American Indian or Alaska Native; Hispanic or Latino,No,Client doesn't know,ES,Emergency Shelter,1262e8cb-65f7-4afa-ab14-e3b4be485107,Transitional Housing,Tacoma/Lakewood CoC,20250401,20250629,06,Needs could not be met by program,Not Housed,Permanent housing,Phone Intake,20250614,14,20260108,Unknown,7ecbbea5-3508-4497-a2a0-64740c8ae758,accepted,Accepted,UW Medical Center,20250930,Yes,No,20260223,UW Medical Center,BitFocus-Clarity-HMIS,BitFocus Clarity
4b5adba9-e28b-4e58-9206-1f9ce1d9efd2,d1b74156-95ef-461e-86ef-a4dce46168e9,07517c5e-5ef8-45b1-aec9-c8e004cafcd8,Priya,Anderson,1939-09-26,8245,Full name reported,Full DOB reported,Partial SSN,female,Asian|American Indian or Alaska Native; Hispanic or Latino,No,Yes,ES,Emergency Shelter,50a5c0f5-5532-4b37-9922-96d0cbd3fcfb,Other,Spokane CoC,20251201,20261009,01,Left for a housing opportunity before completing program,Not Housed,Permanent housing,Housing Identified,20251114,6,20250613,Unknown,ee95e46e-faef-4421-a0d5-af834f157f9d,no_show,No Show,MultiCare Health System,20260218,Yes,No,20260216,MultiCare Health System,BitFocus-Clarity-HMIS,BitFocus Clarity
4fd987b3-aa63-46a3-8bcb-b3ca7dbf7819,43f1451d-7832-4337-85af-a4dba43eac15,e23d3d7b-3f37-4408-95e1-6472c1c6d342,Jennifer,Khan,1988-12-06,3830,Full name reported,Full DOB reported,Full SSN reported,female,Black or African American|Asian; Not Hispanic or Latino,No,No,PH,Permanent Housing,3b5e9438-9903-4ced-9be1-1f563df1a1a2,Homelessness Prevention,Seattle/King County CoC,20251225,20260803,01,Left for a housing opportunity before completing program,Housed,Permanent housing,VI-SPDAT Assessment,20250528,5,20250722,Yes,07c7b509-7bca-481a-bba6-8df17fc7f86c,declined,Declined,Virginia Mason Medical Center,20260201,Yes,No,20251124,Virginia Mason Medical Center,BitFocus-Clarity-HMIS,BitFocus Clarity
9a115fae-0c8e-4858-b12c-edbe2583b711,2de2862a-c854-4fd4-8aa0-0ce146296000,dfcc9d4f-c78f-47d8-8fb3-0ab61ea9885c,Aisha,White,1960-09-18,9473,Full name reported,Full DOB reported,Partial SSN,male,Black or African American; Not Hispanic or Latino,Yes,No,PH,Permanent Housing,1e5c6f25-b795-46ae-936c-8b96b10a6a44,Transitional Housing,Seattle/King County CoC,20260131,,,,,,Referral to PSH,20260103,2,20260213,No,46549f40-aeaa-40b5-aee7-2a7e6ed4e27c,pending,Pending,Virginia Mason Medical Center,20250709,Yes,No,20251231,Virginia Mason Medical Center,BitFocus-Clarity-HMIS,BitFocus Clarity
f281ea81-c99b-49db-bf14-757bb64af4d9,3f565846-3d6b-461f-8258-af751a1d5cf3,14656136-9f1b-4d83-85eb-714ec4746d14,David,Lee,1944-09-02,2842,Full name reported,Full DOB reported,Partial SSN,male,American Indian or Alaska Native; Not Hispanic or Latino,No,Client doesn't know,SH,Safe Haven,08654cef-4d9b-4735-906d-2e344fad2d1d,Emergency Shelter,Tacoma/Lakewood CoC,20250204,20260107,01,Left for a housing opportunity before completing program,Not Housed,Institutional,Referral to PSH,20250531,16,20250815,Yes,b3871c44-5362-40e0-9300-0443fd560204,accepted,Accepted,PeaceHealth St. Joseph,20250410,Yes,No,20251207,PeaceHealth St. Joseph,BitFocus-Clarity-HMIS,BitFocus Clarity
3292aa6f-7f72-4c2c-820a-a0c5bcdf65b0,37ecd471-1ed0-4cc6-a7ea-b258d3fc7fbe,ca43894f-11f5-4d60-84e1-ff5aea82a0a7,Priya,Brown,2009-02-17,2606,Full name reported,Full DOB reported,Full SSN reported,transgender-male,White|Asian; Not Hispanic or Latino,No,Yes,DO,Doubled up with family or friends,98f085ed-c35c-4e40-9b93-ff900d1028b2,Transitional Housing,Seattle/King County CoC,20260103,20260609,05,Reached maximum time allowed,Not Housed,Permanent housing,Housing Identified,20250312,1,20260222,Yes,1806fc53-bdef-4a1c-85d7-b53d3d9cf250,pending,Pending,MultiCare Health System,20250701,Yes,No,20251218,MultiCare Health System,BitFocus-Clarity-HMIS,BitFocus Clarity
1eb488e4-14a1-4697-8813-d063e1317efc,da62a726-c66f-4280-8f32-20271558e499,9f72113f-6de2-40a4-9723-af9674508ddd,Grace,Johnson,1956-03-27,2386,Full name reported,Full DOB reported,Full SSN reported,female,White; Not Hispanic or Latino,No,No,HH,Place not meant for human habitation,6206d2b5-5920-479e-b600-16e0b20a9fbd,Permanent Supportive Housing,Washington Balance of State CoC,20240316,,,,,,Referral to RRH,20250918,2,20251214,No,ebb02114-b9ba-4cb9-b1ce-2cd8e072ce95,declined,Declined,Virginia Mason Medical Center,20260102,Yes,No,20250906,Virginia Mason Medical Center,BitFocus-Clarity-HMIS,BitFocus Clarity
8affa918-9863-4152-aeaa-280eec3c0756,fd01af1e-0290-4550-9aa6-e46bb4deba90,9da1f712-16e2-4b80-9053-bffd5ac3d543,Rosa,Davis,1975-06-30,6900,Full name reported,Full DOB reported,Client doesn't know,female,American Indian or Alaska Native; Not Hispanic or Latino,No,Yes,OT,Other,2d14c8a7-103f-4d47-a1bb-dd6615061942,Permanent Supportive Housing,Seattle/King County CoC,20250504,20250823,03,Non-compliance with program rules,Housed,Permanent housing,Referral to RRH,20250511,9,20250821,Yes,cef8525d-bdfb-4308-965e-24647a266afa,accepted,Accepted,Swedish Medical Center,20250524,Yes,Yes,20260120,Swedish Medical Center,BitFocus-Clarity-HMIS,BitFocus Clarity
faf8d471-692e-4a4a-a0ea-9aa9ab30fae3,8d53e8f6-075b-47ba-b7b7-0169dc7aa33b,7f53d6b3-c9a8-42eb-8c9d-ac8249d37d14,David,Lee,1983-08-07,9942,Full name reported,Full DOB reported,Partial SSN,female,American Indian or Alaska Native|Black or African American; Not Hispanic or Latino,No,No,PH,Permanent Housing,1880b50a-4a1b-4da4-afc8-0f9b178f0b32,Other,Washington Balance of State CoC,20250802,20251024,06,Needs could not be met by program,Not Housed,Institutional,Problem Solving,20260214,9,20250608,No,67903154-62d2-42e7-91a6-1ef84661641b,declined,Declined,PeaceHealth St. Joseph,20250705,Yes,No,20251213,PeaceHealth St. Joseph,BitFocus-Clarity-HMIS,BitFocus Clarity
b5139076-b60b-4e99-bac4-f79b9ed79b2f,aceab403-7f1c-4907-a01f-69418df48665,aae21da2-a3bc-452c-886d-6b61e7b74a2d,Linda,Martinez,2001-12-01,8192,Full name reported,Full DOB reported,Partial SSN,male,American Indian or Alaska Native|Native Hawaiian or Other Pacific Islander; Not Hispanic or Latino,No,Client refused,HO,Hotel/motel,89b92e8d-4008-497e-b611-658fc6cd56d0,Other,Seattle/King County CoC,20240309,,,,,,Phone Intake,20250815,17,20250611,No,36a00f59-e0f8-426b-9bea-406606e34851,accepted,Accepted,Virginia Mason Medical Center,20260219,Yes,No,20251028,Virginia Mason Medical Center,BitFocus-Clarity-HMIS,BitFocus Clarity
8bfd9796-ce5d-468b-af4a-60067f8f4c1a,696b9e43-d4fc-4d1e-9663-0e6023582c50,8ef0a2e5-59fe-4c8f-9013-dec8c1cc8d1d,Michael,Garcia,1985-05-17,7931,Full name reported,Full DOB reported,Client doesn't know,female,White; Not Hispanic or Latino,No,No,TH,Transitional Housing,9b5df167-a87d-4011-a3f7-0aa513da63ea,Rapid Re-Housing,Washington Balance of State CoC,20251114,20260306,99,Unknown/other,Housed,Institutional,Problem Solving,20250604,9,20251002,No,911ef278-7f78-4893-8d3d-fd2cee613bc6,accepted,Accepted,UW Medical Center,20250413,Yes,No,20251217,UW Medical Center,BitFocus-Clarity-HMIS,BitFocus Clarity
5418c4e1-a2d4-4eaf-88cf-ee2b5f7cc5ba,65b2eb02-6ccf-4676-9589-4c1f7c1f9d8c,20232f59-c3d8-4f7e-9702-2202880f5f34,Emma,Garcia,1975-11-28,7736,Full name reported,Full DOB reported,Full SSN reported,male,Black or African American; Hispanic or Latino,No,No,HH,Place not meant for human habitation,47af22c1-9035-4d14-bffb-95efb06119e8,Permanent Supportive Housing,Washington Balance of State CoC,20251223,,,,,,Problem Solving,20250507,9,20250520,No,410fa1a3-814c-4419-a2a9-5e8da2de3587,accepted,Accepted,Virginia Mason Medical Center,20250901,Yes,No,20251208,Virginia Mason Medical Center,BitFocus-Clarity-HMIS,BitFocus Clarity
2f2fa68d-a71e-45aa-9cb6-c92f09829ab4,913d3663-ca1a-4589-8bec-65e6b38afdfb,6e983c86-ceb7-48ee-af32-d9e9230f058c,Emma,Davis,1961-08-17,1683,Full name reported,Full DOB reported,Full SSN reported,female,White; Not Hispanic or Latino,No,Yes,HO,Hotel/motel,541dec1c-9d0e-448c-83f7-eb9bbab0fd72,Street Outreach,Washington Balance of State CoC,20250629,20250913,01,Left for a housing opportunity before completing program,Housed,Permanent housing,Referral to PSH,20250711,16,20250719,Unknown,5912bc31-fcf2-4e60-a941-a46a3fb81ec5,accepted,Accepted,PeaceHealth St. Joseph,20251121,Yes,No,20250912,PeaceHealth St. Joseph,BitFocus-Clarity-HMIS,BitFocus Clarity
3a7d8e98-1abd-44f9-bfb0-e6fa2bcaedca,7dded9b8-7c93-4f60-9cb6-7cb983f5df11,7a6a1d14-01da-4d3c-8501-3e932a05eb58,Yuki,Martinez,1953-04-27,9205,Full name reported,Full DOB reported,Partial SSN,male,Asian|Black or African American; Hispanic or Latino,No,Yes,TH,Transitional Housing,31e12e49-c0e2-460e-afd4-9628af353720,Emergency Shelter,Seattle/King County CoC,20240914,,,,,,Referral to PSH,20251018,4,20260101,No,6b9a1c6d-dfe7-480a-84d1-1fcf72eb9df4,no_show,No Show,MultiCare Health System,20251004,Yes,No,20260104,MultiCare Health System,BitFocus-Clarity-HMIS,BitFocus Clarity
e6bb317c-b187-417b-a0d9-aa54ccec3107,e6fec733-35a5-4615-a7ad-2d5a0141099d,d4aa8989-5e81-4878-9b8f-7e8f3746447d,Ana,Jackson,1958-08-26,2092,Full name reported,Full DOB reported,Client refused,male,American Indian or Alaska Native; Not Hispanic or Latino,No,Yes,OT,Other,ab03d49c-2d30-4c91-b7c4-7bbb8a276e98,Transitional Housing,Spokane CoC,20240921,20250416,02,Completed program,Not Housed,Institutional,Referral,20250702,14,20250731,No,19a94457-f964-424c-8c55-9e69c2de44ce,pending,Pending,PeaceHealth St. Joseph,20250328,Yes,Yes,20250910,PeaceHealth St. Joseph,BitFocus-Clarity-HMIS,BitFocus Clarity
03668e8b-4d6b-40b2-aa6d-b5314fae4d84,fb035199-06b4-4d77-abb0-5a00490a33c2,4dd75ac3-8fcd-40fe-84ba-59f66e15dd6e,Grace,Smith,1941-02-24,7423,Full name reported,Full DOB reported,Full SSN reported,male,American Indian or Alaska Native|Native Hawaiian or Other Pacific Islander; Not Hispanic or Latino,No,No,SH,Safe Haven,947b6aca-54ac-453b-b228-1f18afc507bb,Emergency Shelter,Tacoma/Lakewood CoC,20241017,20250723,02,Completed program,Housed,Permanent housing,Referral to RRH,20250422,3,20251122,Unknown,e10b9b8c-cca6-471d-912a-d92163d76c4b,no_show,No Show,PeaceHealth St. Joseph,20250516,Yes,No,20260210,PeaceHealth St. Joseph,BitFocus-Clarity-HMIS,BitFocus Clarity
7fae5045-39df-4ec9-a005-610cf859e949,7c886ccf-90c6-4136-935c-d5654484aa71,b7f9b494-caed-4db3-890a-1340bd0a9bba,Wei,Jackson,1950-01-26,9900,Full name reported,Full DOB reported,Partial SSN,female,Asian; Hispanic or Latino,No,No,TH,Transitional Housing,e59568d3-fef0-4ea7-9043-b8bbb6ca89b9,Permanent Supportive Housing,Seattle/King County CoC,20240924,,,,,,Emergency Shelter Placement,20260207,12,20250925,Yes,40f1249e-fd6d-4444-ba5d-09d4a5d03580,accepted,Accepted,Virginia Mason Medical Center,20260127,Yes,No,20251017,Virginia Mason Medical Center,BitFocus-Clarity-HMIS,BitFocus Clarity
eb93282a-2b8f-45b0-a1ba-487d8be59c03,3bf58682-70e4-4a9c-ab62-f2a3d52fd5f7,c555d297-730c-4c06-980e-d0083a7529c8,Ethan,Garcia,1970-05-30,5173,Full name reported,Full DOB reported,Client doesn't know,female,Black or African American|Native Hawaiian or Other Pacific Islander; Not Hispanic or Latino,Yes,No,HH,Place not meant for human habitation,6d19f139-111e-419e-8769-5d93691bd163,Street Outreach,Washington Balance of State CoC,20240606,,,,,,Emergency Shelter Placement,20250929,17,20250529,Unknown,6aa2000d-6093-444e-907f-26ff2602022b,accepted,Accepted,Virginia Mason Medical Center,20251229,Yes,No,20251015,Virginia Mason Medical Center,BitFocus-Clarity-HMIS,BitFocus Clarity
7d2bbd8c-d769-4b29-bb22-03c3918b80f7,0b1f897c-6891-481f-b6f3-3d540f459af6,5315d6ed-3fcf-43d3-af5d-81f63def1e98,Yuki,Johnson,1949-12-17,5756,Full name reported,Full DOB reported,Client doesn't know,female,Asian|American Indian or Alaska Native; Not Hispanic or Latino,No,No,DO,Doubled up with family or friends,bac4d653-7612-4e36-a470-5e9d525f9110,Other,Seattle/King County CoC,20240618,20250309,03,Non-compliance with program rules,Not Housed,Institutional,Problem Solving,20251115,15,20250603,No,9433055e-d33e-4b8e-8b94-9b4f288d00a4,declined,Declined,Virginia Mason Medical Center,20250828,Yes,No,20251001,Virginia Mason Medical Center,BitFocus-Clarity-HMIS,BitFocus Clarity
b9fc3380-d850-48d2-b03f-e8110d9c31af,1ef5c600-37ed-4cce-8734-ed81857ad2b3,0236cd5c-aaf2-44d8-a714-e5cb8275bdc5,Samuel,Thomas,1986-02-08,7203,Full name reported,Full DOB reported,Client refused,female,White|American Indian or Alaska Native; Not Hispanic or Latino,No,No,DO,Doubled up with family or friends,c65f088a-ce82-4e50-a95c-fc9a946921b1,Street Outreach,Seattle/King County CoC,20250926,20260611,05,Reached maximum time allowed,Housed,Other,Referral to PSH,20250517,7,20251127,Yes,550c92e3-e169-4b96-9f80-ef907c08484c,accepted,Accepted,UW Medical Center,20251009,Yes,No,20260115,UW Medical Center,BitFocus-Clarity-HMIS,BitFocus Clarity
576d0ed1-324a-4bcb-a1fc-538479299019,ff60285a-c7b8-42fa-8842-806d7c2bf55d,23b07281-5efa-472b-ba9d-1b0e314963f5,Rosa,Martinez,1994-05-19,8122,Full name reported,Full DOB reported,Full SSN reported,male,Native Hawaiian or Other Pacific Islander|White; Not Hispanic or Latino,No,Yes,PH,Permanent Housing,39ea9a93-cfff-407f-8fbc-6ab2ee44fdd3,Other,Seattle/King County CoC,20250721,,,,,,Referral to PSH,20250605,17,20250328,No,e1823975-3095-46fc-a59e-56ee8bf0f245,accepted,Accepted,Swedish Medical Center,20260208,Yes,No,20250909,Swedish Medical Center,BitFocus-Clarity-HMIS,BitFocus Clarity
923fc9ce-f5cd-492d-86e0-ceac06d55931,668f6b32-eefb-47ab-a628-27882382c2ff,65c2a66c-554d-4740-aa36-dfd66aa45c1d,Rosa,Jackson,2021-07-11,2981,Full name reported,Full DOB reported,Full SSN reported,male,White; Hispanic or Latino,No,Client doesn't know,HO,Hotel/motel,e194be60-6ae9-4b82-a962-e061ab7e0ff2,Street Outreach,Washington Balance of State CoC,20250828,20260609,01,Left for a housing opportunity before completing program,Housed,Permanent housing,Problem Solving,20250913,12,20251216,No,88ca41a5-ba34-4d2e-8f46-db8c5383ca2d,accepted,Accepted,Swedish Medical Center,20251027,Yes,No,20251220,Swedish Medical Center,BitFocus-Clarity-HMIS,BitFocus Clarity
66fa4d13-a155-4b0d-b796-74abb9b9164c,1c977734-460c-4c7c-97d8-15b87a5e09ee,532710c6-5e21-4da7-a7a5-1aa07ba6ac7e,Carlos,Martinez,2012-11-02,9365,Full name reported,Full DOB reported,Client refused,female,Black or African American; Not Hispanic or Latino,No,Yes,HO,Hotel/motel,1809de8a-0959-4d0c-8562-e6196880f832,Transitional Housing,Tacoma/Lakewood CoC,20250517,,,,,,Phone Intake,20250603,11,20250705,Yes,d1928d88-3eb2-4261-9d15-344a19aeeee1,declined,Declined,PeaceHealth St. Joseph,20250328,Yes,No,20250915,PeaceHealth St. Joseph,BitFocus-Clarity-HMIS,BitFocus Clarity
cc7ca8da-1f12-4e6b-8d07-6422bf3fc908,58fbcfeb-761f-4b4b-9636-ad3e25537b0d,33f62e18-c6fe-4751-9b15-17f86255395e,Sarah,Williams,1942-02-03,4654,Full name reported,Approx/partial DOB,Full SSN reported,female,Asian|White; Hispanic or Latino,No,No,HH,Place not meant for human habitation,22b57b17-3f03-4292-a5c4-a83e65b2b812,Transitional Housing,Seattle/King County CoC,20260105,20260923,02,Completed program,Housed,Institutional,Referral to RRH,20250717,13,20250510,Yes,ce3a1f72-5cfa-40ef-b22a-dc3bbd6ef122,accepted,Accepted,Virginia Mason Medical Center,20251220,Yes,No,20251104,Virginia Mason Medical Center,BitFocus-Clarity-HMIS,BitFocus Clarity
db576d66-6928-4c73-bf96-16fb496f2a24,049913ad-ddd4-4152-a513-289ac4c7662a,bda4211b-40e8-4c8e-a6d5-47f4fa95ed0e,Maria,Lee,1970-03-10,5611,Full name reported,Full DOB reported,Partial SSN,male,Asian; Not Hispanic or Latino,No,No,TH,Transitional Housing,21ea181d-3085-48ff-9c4d-18754720edd8,Street Outreach,Spokane CoC,20250630,,,,,,Emergency Shelter Placement,20251124,4,20250628,No,78233f34-15b4-4b0b-a7c1-02fb062ead7d,pending,Pending,Virginia Mason Medical Center,20250301,Yes,No,20251007,Virginia Mason Medical Center,BitFocus-Clarity-HMIS,BitFocus Clarity
e436c1d7-5a1e-4853-8019-5e00b25ee778,7cb064ea-3f35-421e-9d63-3546f8280997,e5e0f8cb-434e-4ddf-bf9f-9e3a0d8f48fb,John,Anderson,1964-05-05,7190,Partial name reported,Full DOB reported,Full SSN reported,male,Asian|White; Not Hispanic or Latino,No,Yes,DO,Doubled up with family or friends,e1c04b6f-f2fb-4841-a0b9-3edf5f960cab,Emergency Shelter,Tacoma/Lakewood CoC,20251207,20261130,01,Left for a housing opportunity before completing program,Housed,Temporary housing,Housing Identified,20250707,4,20250927,Unknown,1b3f2746-8e43-4a36-bc4c-6f38e4107ef7,pending,Pending,Virginia Mason Medical Center,20250423,Yes,No,20251223,Virginia Mason Medical Center,BitFocus-Clarity-HMIS,BitFocus Clarity
bcbe6026-7ca6-40af-88f6-7d7ab34bb33c,460ab9b3-c61c-4ba8-9f09-dd268f726eb1,59ebe018-694b-445f-935f-a596245bbfd7,Henry,Martinez,1976-11-01,2716,Full name reported,Full DOB reported,Full SSN reported,male,Black or African American; Not Hispanic or Latino,No,Yes,PH,Permanent Housing,10338908-5bef-4a3c-8266-388160a235c3,Homelessness Prevention,Washington Balance of State CoC,20240814,,,,,,Phone Intake,20260114,3,20250305,No,ab8a980b-a0dd-49e6-ba1e-1ad475af05b0,accepted,Accepted,UW Medical Center,20250324,Yes,No,20260130,UW Medical Center,BitFocus-Clarity-HMIS,BitFocus Clarity
32755a4c-f4c3-49ee-a285-a4ef6c14da7e,3d092666-4e3d-4c5d-a056-0f251bab4c67,4a014f13-d536-42b9-95d7-b378c26f71bc,Sarah,Jackson,1948-08-13,8555,Full name reported,Full DOB reported,Client refused,non-binary,Asian; Not Hispanic or Latino,No,Yes,HH,Place not meant for human habitation,b457c75f-a53b-4a8a-b11d-08f0a2856666,Other,Tacoma/Lakewood CoC,20241125,20250723,99,Unknown/other,Housed,Permanent housing,VI-SPDAT Assessment,20250904,6,20251111,No,d982d963-aaa5-426d-9c84-d304a6ef9462,no_show,No Show,Virginia Mason Medical Center,20250914,Yes,No,20260221,Virginia Mason Medical Center,BitFocus-Clarity-HMIS,BitFocus Clarity
4d66aef6-93b9-4296-8ff1-03f79dd1cd4a,8c37914f-8401-4c02-a84c-fafb323dfaa0,6f741511-b1b3-486e-8c1a-90aac4ace09c,John,Khan,2015-07-28,2881,Full name reported,Approx/partial DOB,Full SSN reported,male,Black or African American; Not Hispanic or Latino,No,No,HH,Place not meant for human habitation,10dfc501-d509-46c8-9efb-4edeaa0ae7d7,Homelessness Prevention,Washington Balance of State CoC,20250826,,,,,,Housing Identified,20260114,15,20250512,No,c8eee3b5-1907-4868-944f-564ff172d7a9,accepted,Accepted,Swedish Medical Center,20250706,Yes,No,20251214,Swedish Medical Center,BitFocus-Clarity-HMIS,BitFocus Clarity
3f194a8e-2926-4253-bf53-cab3ef7fb86a,50357c6f-c321-4862-bc15-84dc0637378f,13421d5c-37f3-493e-94b8-85de809e83c9,Aisha,Lee,1990-10-17,7423,Full name reported,Full DOB reported,Client doesn't know,transgender-male,White; Hispanic or Latino,No,Yes,TH,Transitional Housing,fdc959e3-bc30-4a2f-97f3-b04fa84221cf,Transitional Housing,Spokane CoC,20250202,,,,,,Referral to PSH,20260220,10,20260216,No,4f2e60c1-30e1-4262-a746-37f1d24cd151,accepted,Accepted,PeaceHealth St. Joseph,20260126,Yes,No,20251114,PeaceHealth St. Joseph,BitFocus-Clarity-HMIS,BitFocus Clarity
00867192-1059-4731-b92b-192e237beb65,62dcd7c3-5dbe-41f8-80ec-cd4cdb05b84f,0d2f1a4f-27cf-4e4b-80e6-0564d7ad288f,Marcus,Jackson,1953-10-30,5185,Client refused,Full DOB reported,Client doesn't know,female,Black or African American; Not Hispanic or Latino,No,No,TH,Transitional Housing,bfb87e26-d9b7-430b-8720-1fa0aaa6bab0,Street Outreach,Spokane CoC,20251226,20261106,03,Non-compliance with program rules,Housed,Permanent housing,Emergency Shelter Placement,20250910,8,20250825,No,1f61203d-193b-460d-812e-d8ce9eb9d60d,accepted,Accepted,Virginia Mason Medical Center,20250601,Yes,No,20250927,Virginia Mason Medical Center,BitFocus-Clarity-HMIS,BitFocus Clarity
e47e440d-9264-4909-9d6a-e516459b1682,96e2b693-c0f7-427d-9d14-89c8190bd876,23671a3d-22cb-4a5a-9703-d54cdf3b55ea,Sarah,Anderson,1953-03-19,6227,Full name reported,Full DOB reported,Client doesn't know,male,American Indian or Alaska Native; Not Hispanic or Latino,No,No,DO,Doubled up with family or friends,5a2507e4-df09-442b-92e0-4fbd0eba290c,Homelessness Prevention,Seattle/King County CoC,20250715,20260528,06,Needs could not be met by program,Housed,Temporary housing,Housing Identified,20260214,10,20250611,Yes,0bda458c-7591-432e-b4ca-46a61315d39c,no_show,No Show,MultiCare Health System,20250304,Yes,No,20260106,MultiCare Health System,BitFocus-Clarity-HMIS,BitFocus Clarity
8e10ce11-cfd1-47f3-a082-fdb6148b3353,9405718a-4349-44c8-a68d-f127fd8d26cc,2fa5d6c8-1e9c-4c64-bd0e-fe93d36e886b,Noah,Khan,1967-03-26,7502,Full name reported,Approx/partial DOB,Client doesn't know,female,Black or African American; Unknown,No,Client doesn't know,HO,Hotel/motel,68812e34-bef1-417c-bf19-31bf67cc3919,Homelessness Prevention,Washington Balance of State CoC,20251206,20261122,01,Left for a housing opportunity before completing program,Housed,Temporary housing,Problem Solving,20260221,12,20250823,No,02746099-d043-43b5-88a9-0d9fd70d9413,accepted,Accepted,UW Medical Center,20250510,Yes,No,20260119,UW Medical Center,BitFocus-Clarity-HMIS,BitFocus Clarity
de69907f-c1bb-48ab-862b-1a043f04ce04,fd303d10-35d0-4a9a-b785-46a734732790,5274788e-c0e2-46f1-ab50-15bf59ad91e7,Maria,Thomas,2001-07-14,6667,Full name reported,Full DOB reported,Full SSN reported,male,American Indian or Alaska Native|Black or African American; Not Hispanic or Latino,No,Yes,DO,Doubled up with family or friends,d34e7b28-9fd3-4fb5-bd9a-e124ff68fcee,Other,Spokane CoC,20241018,,,,,,Referral,20251002,7,20260130,Yes,cd2c2ba7-c85a-45cc-b54f-a81207f5ad9b,declined,Declined,Virginia Mason Medical Center,20250417,Yes,No,20260213,Virginia Mason Medical Center,BitFocus-Clarity-HMIS,BitFocus Clarity
2520a80a-eeca-4323-9d12-d074fc648ed4,591e85d1-135f-4b52-9ee0-50532b5c47c4,9b0de99a-0b90-4c9d-8656-470213a45ccf,William,Davis,1986-05-08,8578,Full name reported,Full DOB reported,Partial SSN,female,Asian|Native Hawaiian or Other Pacific Islander; Not Hispanic or Latino,No,No,SH,Safe Haven,bc963934-362f-414a-b116-c4088272aff0,Homelessness Prevention,Seattle/King County CoC,20250812,20260520,06,Needs could not be met by program,Unknown,Temporary housing,Referral to RRH,20250810,7,20250302,Unknown,fc3d4aca-f7e7-4e02-b04c-0b1683cbff03,pending,Pending,MultiCare Health System,20250628,Yes,No,20250927,MultiCare Health System,BitFocus-Clarity-HMIS,BitFocus Clarity
dcbf9e95-d532-43d9-b4ca-a2c474502bd4,5f4a5df2-3cf7-4ea0-a011-7df5cde3def3,92dabb5c-fa39-4f1a-b5d4-ee11384f58a8,Marcus,Thomas,1952-05-07,8498,Full name reported,Full DOB reported,Client refused,male,Black or African American; Not Hispanic or Latino,No,No,PH,Permanent Housing,a9f78728-13a8-49d7-b351-e3badf31ffa1,Street Outreach,Seattle/King County CoC,20250324,20260227,06,Needs could not be met by program,Housed,Permanent housing,Phone Intake,20250507,13,20250325,No,9f274a5a-c698-488b-8e3e-382bc82ee4d8,declined,Declined,PeaceHealth St. Joseph,20260210,Yes,Yes,20251005,PeaceHealth St. Joseph,BitFocus-Clarity-HMIS,BitFocus Clarity
9567ae78-f673-477a-a98b-961855a7eac3,04e987dc-fbcf-4b10-9bd4-8159b9d6de01,5ab325f6-ab2f-4c9a-a0fc-6465013d505d,Carlos,Lee,2014-08-31,6699,Full name reported,Full DOB reported,Full SSN reported,female,White; Not Hispanic or Latino,No,No,ES,Emergency Shelter,3e376511-932f-413e-95ed-8212665678c5,Permanent Supportive Housing,Spokane CoC,20240618,20250604,05,Reached maximum time allowed,Housed,Other,Referral,20251004,4,20250925,Yes,3fb61611-0e60-44b7-8fa9-9bcc9b100eb7,pending,Pending,Swedish Medical Center,20250926,Yes,No,20251113,Swedish Medical Center,BitFocus-Clarity-HMIS,BitFocus Clarity
df420c66-fad7-4106-9af0-6d3a83f2557f,71e3db8a-f37f-446a-9a35-7ecadbdcf378,195a90ae-6908-4931-881d-57d5db0c7795,David,Lee,1999-05-02,6445,Full name reported,Full DOB reported,Partial SSN,female,American Indian or Alaska Native|White; Hispanic or Latino,No,Yes,HH,Place not meant for human habitation,c4e716da-b01d-4290-b487-45547eab05ad,Rapid Re-Housing,Seattle/King County CoC,20250528,20250706,99,Unknown/other,Not Housed,Other,VI-SPDAT Assessment,20251119,9,20250319,Yes,6411bfd6-a16a-4160-afbc-9a82de1f1b8a,accepted,Accepted,PeaceHealth St. Joseph,20251118,Yes,No,20251114,PeaceHealth St. Joseph,BitFocus-Clarity-HMIS,BitFocus Clarity
3467f68d-2db2-44ec-8723-7875d3b5b4d2,40e8d029-05cc-480c-ab00-2bd9c1fdc650,3be0a711-af10-4c93-949d-bfbbf23e2df1,Noah,Williams,1988-03-19,7419,Full name reported,Full DOB reported,Partial SSN,male,Native Hawaiian or Other Pacific Islander; Not Hispanic or Latino,No,No,TH,Transitional Housing,a7d7ec0f-95f6-4a94-851c-8cb07c6dad51,Permanent Supportive Housing,Washington Balance of State CoC,20250526,20260501,02,Completed program,Unknown,Other,Problem Solving,20250911,2,20251107,No,5d400e3a-084f-48bf-bf7d-1017fb899dc4,accepted,Accepted,MultiCare Health System,20251010,Yes,No,20250915,MultiCare Health System,BitFocus-Clarity-HMIS,BitFocus Clarity
38d2c5f5-38bc-4859-8c1e-575fe366eaf0,3ba25047-99a4-4f7d-b8d2-3b9b5feff5ab,25ec3f72-7fff-4996-a3aa-3947106b2586,Liam,Garcia,1974-07-02,9084,Partial name reported,Full DOB reported,Partial SSN,female,Black or African American|Native Hawaiian or Other Pacific Islander; Not Hispanic or Latino,No,Yes,OT,Other,42c11669-1c86-4a8c-b642-f283921e9318,Rapid Re-Housing,Tacoma/Lakewood CoC,20250809,,,,,,Referral to RRH,20250421,8,20250425,Unknown,d0655579-9b78-4dab-ae1a-acfc2ab02635,declined,Declined,PeaceHealth St. Joseph,20260129,Yes,No,20260215,PeaceHealth St. Joseph,BitFocus-Clarity-HMIS,BitFocus Clarity
8122bfe2-cc7a-4e2a-9610-e2615102a5fa,bc5e42cc-3e3d-4d35-921c-0cd77d307226,3c3b020c-c7eb-462c-9d21-91431763b3dc,Ethan,Taylor,1968-06-22,1581,Full name reported,Full DOB reported,Client refused,female,Native Hawaiian or Other Pacific Islander; Not Hispanic or Latino,No,No,ES,Emergency Shelter,98fa2a31-3105-43f2-a9d9-3e2d70e704ce,Homelessness Prevention,Spokane CoC,20250207,20250618,02,Completed program,Not Housed,Permanent housing,Problem Solving,20250831,14,20250712,No,998c1809-404e-42c8-abe6-0469abcd214e,accepted,Accepted,Virginia Mason Medical Center,20250719,Yes,No,20260102,Virginia Mason Medical Center,BitFocus-Clarity-HMIS,BitFocus Clarity
4f65125c-e1ad-4fc2-aa6e-b038af79f7fe,b162de54-8f9f-4cf2-accf-0ba6abad4b04,68736397-a21e-4f28-bfce-4b1d89469324,Destiny,Williams,2023-07-26,9722,Client refused,Full DOB reported,Partial SSN,male,Asian; Not Hispanic or Latino,No,Yes,ES,Emergency Shelter,af8292d7-5260-4b45-9ba8-e02f078d0aef,Emergency Shelter,Tacoma/Lakewood CoC,20250507,20251026,06,Needs could not be met by program,Not Housed,Permanent housing,Phone Intake,20250724,17,20250616,Unknown,24eda5ef-3101-4ad8-ad15-7f183618d371,accepted,Accepted,Swedish Medical Center,20250330,Yes,No,20251126,Swedish Medical Center,BitFocus-Clarity-HMIS,BitFocus Clarity
68e03a88-0749-4025-b40b-0a619c4bdd8a,bcefa5aa-f637-48ab-afeb-e54f3c6c6409,1d24ad7d-f37a-46e7-9456-30ed344b8c04,Linda,Johnson,2007-11-27,7319,Full name reported,Full DOB reported,Client doesn't know,male,Black or African American; Not Hispanic or Latino,No,No,ES,Emergency Shelter,3746e378-4cc0-440d-9d26-98959d303ae4,Emergency Shelter,Seattle/King County CoC,20240411,20240906,99,Unknown/other,Housed,Other,Referral to PSH,20250802,9,20260211,Yes,6820dd50-81c5-4324-a333-059824f880ff,accepted,Accepted,MultiCare Health System,20260212,Yes,No,20260119,MultiCare Health System,BitFocus-Clarity-HMIS,BitFocus Clarity
f89fdff2-6be7-499e-b9fb-d73e3554cd72,b8cd6881-48ee-45c0-90b9-77bd4ab9ce41,d104bb1f-59ec-4ef1-bcbb-6261eb615102,Yuki,Jackson,1970-09-05,8263,Full name reported,Full DOB reported,Full SSN reported,female,American Indian or Alaska Native; Not Hispanic or Latino,No,Yes,DO,Doubled up with family or friends,2ee6307f-b3bc-4dd3-8960-e7beee45a306,Permanent Supportive Housing,Seattle/King County CoC,20240912,20250716,02,Completed program,Not Housed,Permanent housing,Housing Identified,20250628,11,20251006,Yes,f661946a-e7af-4314-80ff-605ca0ace1e8,declined,Declined,Swedish Medical Center,20251009,Yes,No,20250923,Swedish Medical Center,BitFocus-Clarity-HMIS,BitFocus Clarity
fae150a8-468f-4828-aeaf-8750f5d69e95,1349137d-c989-41bb-9f16-222f2ffb768c,1058f2ce-b362-41b8-ae88-5a9757f242f0,Ana,Williams,2018-01-09,2937,Full name reported,Full DOB reported,Full SSN reported,female,Asian|American Indian or Alaska Native; Not Hispanic or Latino,No,Client doesn't know,DO,Doubled up with family or friends,d9c27c8a-340b-413e-9bcc-8865218f5049,Rapid Re-Housing,Tacoma/Lakewood CoC,20241228,20250716,05,Reached maximum time allowed,Housed,Temporary housing,Phone Intake,20250324,11,20251020,No,ac7c9c81-c356-4bbb-aa4b-2c669e795cfe,pending,Pending,UW Medical Center,20250426,Yes,No,20251022,UW Medical Center,BitFocus-Clarity-HMIS,BitFocus Clarity
f3fe54cb-7c63-40b1-be34-64b15d599595,d5b7d562-b5ad-4d15-9221-bd4bea02d498,861006f1-4675-4058-bb38-ccef4b5ab62e,Rosa,Lee,2014-07-28,3439,Full name reported,Full DOB reported,Client doesn't know,male,Black or African American; Not Hispanic or Latino,No,No,ES,Emergency Shelter,5b6d0b45-549e-4424-a80c-cfea8b33d665,Permanent Supportive Housing,Tacoma/Lakewood CoC,20250730,,,,,,VI-SPDAT Assessment,20251016,17,20250517,No,c2847add-0726-4d2a-a364-059fb92a34b3,accepted,Accepted,PeaceHealth St. Joseph,20250821,Yes,No,20251019,PeaceHealth St. Joseph,BitFocus-Clarity-HMIS,BitFocus Clarity
75954e84-05b5-43f0-8926-4eec387324bd,f716d273-f63c-4239-b0d7-a6f10f3969a8,fa2ed7f5-fd21-4115-b1e0-b1a1d33c8bf0,Grace,Taylor,1961-03-05,5147,Full name reported,Full DOB reported,Client doesn't know,male,Black or African American; Not Hispanic or Latino,Yes,Yes,ES,Emergency Shelter,ea4ac283-6425-4e54-9fc4-b0c6d5f35c17,Rapid Re-Housing,Spokane CoC,20250215,,,,,,Referral to RRH,20251214,17,20251110,Yes,69ad068f-5ab9-486d-b39b-c83bb01dcd64,accepted,Accepted,PeaceHealth St. Joseph,20250929,Yes,No,20251029,PeaceHealth St. Joseph,BitFocus-Clarity-HMIS,BitFocus Clarity
b1e64032-5b39-4593-90b6-55c84de78b17,55dcb009-f0fb-4c59-b1ae-aee2b863b57b,92f741fa-f60a-430c-bbb8-bb3342f25f23,Linda,Garcia,1962-08-28,8206,Full name reported,Full DOB reported,Partial SSN,male,Asian|Black or African American; Hispanic or Latino,No,Yes,SH,Safe Haven,961b0456-9aff-4752-a6ae-60645ffa3b9f,Rapid Re-Housing,Seattle/King County CoC,20250621,,,,,,Referral to PSH,20250601,0,20260118,Yes,f03b92bd-11b2-4e37-a7c8-7094007d7a59,accepted,Accepted,Virginia Mason Medical Center,20260205,Yes,No,20251230,Virginia Mason Medical Center,BitFocus-Clarity-HMIS,BitFocus Clarity
7bf1f782-b5f4-43c8-8f8b-f046821cbd15,38cfd7de-3746-4c10-9dcb-4d0484a5a049,4de68a0f-4672-46c9-b93a-d693ffb50e13,Linda,Thomas,1946-04-05,5689,Full name reported,Full DOB reported,Full SSN reported,female,Asian; Not Hispanic or Latino,No,No,DO,Doubled up with family or friends,8f8cff3a-0408-41e8-9da5-6e86c3ee660f,Other,Seattle/King County CoC,20250516,20250612,01,Left for a housing opportunity before completing program,Not Housed,Temporary housing,Phone Intake,20250921,11,20250925,No,09521fe6-156f-47d5-af8f-d65da67a247b,pending,Pending,Swedish Medical Center,20251106,Yes,No,20260114,Swedish Medical Center,BitFocus-Clarity-HMIS,BitFocus Clarity
de3ca0cd-2006-447d-bb06-465bc0426733,f6c79a18-ac3b-4d83-8065-4eb5216b6f73,9af59d49-2c54-4075-865a-a655124a6ae8,Liam,Davis,1974-12-29,2573,Full name reported,Full DOB reported,Partial SSN,transgender-male,American Indian or Alaska Native; Not Hispanic or Latino,No,No,ES,Emergency Shelter,e69e33b6-5c16-4ab2-b7d0-065b7f4de0ea,Transitional Housing,Seattle/King County CoC,20251016,20260113,03,Non-compliance with program rules,Housed,Permanent housing,VI-SPDAT Assessment,20250729,2,20251213,Yes,41279cc0-5270-4564-b320-195dffad5fb4,accepted,Accepted,MultiCare Health System,20251102,Yes,No,20251207,MultiCare Health System,BitFocus-Clarity-HMIS,BitFocus Clarity
eeb00743-9209-4a64-b76e-5052d77a81fc,0596bc09-002d-4596-b721-67a241888d1a,db1effc2-3ec0-49f5-94de-30f9a61cf1ec,Yuki,Thomas,2001-07-23,7557,Full name reported,Full DOB reported,Client refused,female,Native Hawaiian or Other Pacific Islander|White; Not Hispanic or Latino,No,No,OT,Other,03787a19-00c2-4b2e-a0ab-4da8cfeefe73,Rapid Re-Housing,Seattle/King County CoC,20251125,,,,,,VI-SPDAT Assessment,20251006,9,20250919,No,854cd02a-5650-4ebc-8d60-090e075231a5,accepted,Accepted,MultiCare Health System,20250925,Yes,No,20260104,MultiCare Health System,BitFocus-Clarity-HMIS,BitFocus Clarity
0ce99ada-29fa-4033-9ebf-8f8ebc44b18d,b6e83051-746d-418f-b997-52f52f6cdaa0,7b75b039-a2ac-441a-a1b7-8068f41cbedc,Emma,Anderson,2017-02-27,8813,Full name reported,Full DOB reported,Partial SSN,male,American Indian or Alaska Native|Asian; Not Hispanic or Latino,No,Yes,HH,Place not meant for human habitation,128ec5c2-6121-496b-b82e-8f222b3c7027,Emergency Shelter,Washington Balance of State CoC,20260117,,,,,,Phone Intake,20251108,4,20250824,No,438bed0a-8219-43b7-9033-f73b6d488f41,accepted,Accepted,PeaceHealth St. Joseph,20250807,Yes,No,20251121,PeaceHealth St. Joseph,BitFocus-Clarity-HMIS,BitFocus Clarity
bb629547-897a-4039-b735-77e12519d6b4,c031c170-54ab-495a-a97a-ef1477fdb9cd,38ff8d95-4658-4b74-ade5-c3fe58c8fffa,Rosa,Martinez,1966-10-04,1329,Full name reported,Full DOB reported,Client refused,male,Native Hawaiian or Other Pacific Islander|Black or African American; Not Hispanic or Latino,No,No,OT,Other,8022b3f9-798e-45d8-a833-769ab5e1f93e,Street Outreach,Tacoma/Lakewood CoC,20250405,20250920,99,Unknown/other,Unknown,Temporary housing,VI-SPDAT Assessment,20251215,16,20251222,No,0ef85cb4-ffcd-4045-a5dc-edb4e8eb19c3,no_show,No Show,UW Medical Center,20250425,Yes,No,20250902,UW Medical Center,BitFocus-Clarity-HMIS,BitFocus Clarity
8e776bda-329d-4c8c-9b7f-4b422029d1a5,3ebcabdd-989d-4a57-8185-55865eb3a482,83f1cca6-6ede-4806-be67-7041779be4b0,Jennifer,Williams,1958-09-29,3642,Full name reported,Full DOB reported,Full SSN reported,male,Native Hawaiian or Other Pacific Islander; Not Hispanic or Latino,No,Yes,HO,Hotel/motel,4fdd5960-25c1-475e-a8f4-837a19b7b823,Permanent Supportive Housing,Washington Balance of State CoC,20240405,20250216,06,Needs could not be met by program,Not Housed,Other,VI-SPDAT Assessment,20250902,4,20251104,No,055eabd0-b192-42dd-87e5-c88ab8eb308b,accepted,Accepted,Swedish Medical Center,20260223,Yes,No,20250922,Swedish Medical Center,BitFocus-Clarity-HMIS,BitFocus Clarity
48089c10-48e4-45d2-98c2-abf6c10ab7c0,0bb21af4-e87e-412d-a91c-322eb426dc00,f2d15d2b-78a6-4560-a40b-0aa8965178c0,Robert,Jackson,1969-04-07,3618,Full name reported,Client doesn't know,Client doesn't know,male,Native Hawaiian or Other Pacific Islander|Asian; Not Hispanic or Latino,No,No,DO,Doubled up with family or friends,0a5dc10f-6ecb-4ba6-9270-ffae8274a03b,Street Outreach,Seattle/King County CoC,20241028,,,,,,Referral to PSH,20251011,11,20250329,Yes,e698442b-a88a-439d-880c-653150a6adff,no_show,No Show,PeaceHealth St. Joseph,20251010,Yes,No,20251113,PeaceHealth St. Joseph,BitFocus-Clarity-HMIS,BitFocus Clarity
86ab11a2-f699-4ce8-b44b-4bfdfe0a2d4c,a5ae1989-b91c-4688-a31f-1210d2ddd12f,ec80be44-fc76-40a7-bac4-c7276997673d,Emma,Johnson,2009-02-26,9004,Full name reported,Full DOB reported,Client refused,male,American Indian or Alaska Native|White; Not Hispanic or Latino,No,Yes,OT,Other,4751f2ab-bec6-4e9e-ab48-53eb3c79ec56,Permanent Supportive Housing,Spokane CoC,20250207,,,,,,Emergency Shelter Placement,20250811,14,20250513,No,11d30bdd-0844-467b-bf21-0c311048b2f1,pending,Pending,Swedish Medical Center,20250516,Yes,No,20260112,Swedish Medical Center,BitFocus-Clarity-HMIS,BitFocus Clarity
361c506f-221d-4f8b-ad17-c59c1f9552a5,6a908ebe-68fc-4709-a266-77de3f0965ec,c638aa0a-b7fc-4a01-baa7-d45e9e718d28,Rosa,Taylor,1994-05-26,6322,Partial name reported,Approx/partial DOB,Partial SSN,male,Native Hawaiian or Other Pacific Islander; Not Hispanic or Latino,No,Yes,SH,Safe Haven,608fd620-a5d8-4972-8cfb-b8f1b9d10e0e,Rapid Re-Housing,Spokane CoC,20240809,,,,,,Housing Identified,20260104,8,20250912,Yes,eec92f98-68ea-47a2-8c7e-50af2c1b7cf6,accepted,Accepted,UW Medical Center,20251017,Yes,No,20250903,UW Medical Center,BitFocus-Clarity-HMIS,BitFocus Clarity
d2d35e35-0a2c-4f38-b67e-47aa79e4f3b6,f682bcd0-0903-46bc-bdcf-a8908f9e0a65,8e9bf1dc-b9ce-499b-a44e-c8489d82f0dc,Grace,Martinez,1992-08-16,2183,Full name reported,Full DOB reported,Client doesn't know,female,Native Hawaiian or Other Pacific Islander|American Indian or Alaska Native; Hispanic or Latino,No,Yes,DO,Doubled up with family or friends,eba57a90-42c9-4e4d-a07f-00a06427e859,Emergency Shelter,Tacoma/Lakewood CoC,20240625,20240811,06,Needs could not be met by program,Housed,Permanent housing,VI-SPDAT Assessment,20250828,13,20250804,Unknown,bfff2745-f3cd-4f60-9228-184fe4b7297e,pending,Pending,PeaceHealth St. Joseph,20260217,Yes,No,20251227,PeaceHealth St. Joseph,BitFocus-Clarity-HMIS,BitFocus Clarity
1c518b47-7aa5-4935-98b6-3a0f77928c30,f8145a6a-86a9-44df-afee-f7a32ba18e41,a0dc24d2-a059-4821-b17f-f53aa1f0e8d8,James,Jackson,1936-10-20,4450,Full name reported,Full DOB reported,Partial SSN,male,American Indian or Alaska Native; Unknown,No,Client doesn't know,DO,Doubled up with family or friends,7b514dbf-89ed-4698-b09b-b98439717470,Homelessness Prevention,Spokane CoC,20241216,,,,,,Housing Identified,20250429,9,20250307,No,a6409d67-88f2-4958-815d-9ad43e95d432,accepted,Accepted,PeaceHealth St. Joseph,20260118,Yes,No,20251110,PeaceHealth St. Joseph,BitFocus-Clarity-HMIS,BitFocus Clarity
a5ed3441-5de6-4158-b192-c10d573d73f3,7e69741c-d90f-4676-895f-68cabbc0e338,e4331ecf-0ce3-41cf-b5d4-4d949b18105c,Ethan,Brown,1990-04-14,7948,Client refused,Full DOB reported,Client doesn't know,female,Black or African American|Asian; Not Hispanic or Latino,No,No,HO,Hotel/motel,436d829e-528b-44ad-959a-615d4b44740e,Permanent Supportive Housing,Seattle/King County CoC,20250724,20260317,05,Reached maximum time allowed,Not Housed,Temporary housing,Emergency Shelter Placement,20251117,13,20250405,No,5d4c051b-2e1c-49c3-8a9e-b0e57c4d3cc8,pending,Pending,UW Medical Center,20250716,Yes,No,20251112,UW Medical Center,BitFocus-Clarity-HMIS,BitFocus Clarity
e0c83f9f-b171-4242-9b8b-b191c345f90c,f6526536-3d49-4775-9180-bc8f7f737613,f2a96e0c-5a5e-4703-8b3e-cb00e307fb8e,Henry,Khan,2003-04-07,1822,Full name reported,Full DOB reported,Client doesn't know,female,White|Black or African American; Not Hispanic or Latino,No,No,SH,Safe Haven,95207e59-003c-46c7-b977-0324a925fbc0,Other,Washington Balance of State CoC,20250614,,,,,,Referral to RRH,20250723,10,20250322,Yes,b7c233fa-6d9d-48fc-882b-7ac890aea1a6,accepted,Accepted,Virginia Mason Medical Center,20250509,Yes,No,20251108,Virginia Mason Medical Center,BitFocus-Clarity-HMIS,BitFocus Clarity
0e569252-52c7-4bf0-baea-c38bbaa8e516,1bfd8559-7d95-4797-8121-3e45d80a5f86,28196436-5540-447b-84bf-b3699f3aa862,Lisa,Lee,1963-06-06,9919,Full name reported,Full DOB reported,Full SSN reported,female,Asian|American Indian or Alaska Native; Not Hispanic or Latino,No,Yes,HO,Hotel/motel,d18f0aa5-3995-48eb-98c8-8472fb44ff74,Street Outreach,Seattle/King County CoC,20250525,20251211,03,Non-compliance with program rules,Not Housed,Temporary housing,Referral to PSH,20260107,6,20251103,Yes,d1040f32-4e46-4295-9683-513c70d24e1d,accepted,Accepted,PeaceHealth St. Joseph,20250527,Yes,No,20251116,PeaceHealth St. Joseph,BitFocus-Clarity-HMIS,BitFocus Clarity
f3f8ba71-36af-430c-a41f-b9a9f7e61f16,ce4420f8-d43b-47b6-a86c-73896f62a954,530f044d-d702-48e7-9291-6fd9042974a3,Aisha,Thomas,2008-03-06,3419,Full name reported,Full DOB reported,Client doesn't know,female,Native Hawaiian or Other Pacific Islander|Asian; Hispanic or Latino,No,No,HO,Hotel/motel,e9f068b5-5b61-4007-b279-d5dd73c05fd5,Emergency Shelter,Seattle/King County CoC,20240413,,,,,,Housing Identified,20260122,12,20250329,No,6e05cb87-ac2f-426e-b120-ee98b092092a,no_show,No Show,MultiCare Health System,20251226,Yes,No,20260207,MultiCare Health System,BitFocus-Clarity-HMIS,BitFocus Clarity
527e9322-6dd4-4399-ac03-787d8f3ae4a4,3c318f63-f41e-435c-8adf-4ec4e5785950,af658c20-16b9-469f-be63-cad13c034f8a,Michael,Anderson,1968-05-28,7570,Full name reported,Full DOB reported,Partial SSN,transgender-male,Asian; Not Hispanic or Latino,No,No,HH,Place not meant for human habitation,bc4ec8fa-0bcd-4b2f-9f16-e60a870a73d4,Rapid Re-Housing,Spokane CoC,20250317,,,,,,Referral to RRH,20251027,12,20251029,No,e842604f-d70a-418d-ac17-f84729c97fa4,accepted,Accepted,MultiCare Health System,20260117,Yes,No,20251228,MultiCare Health System,BitFocus-Clarity-HMIS,BitFocus Clarity
c03c25d6-f152-4b83-9017-70e5ef4c6e48,93d785f3-bfa0-4a4b-94b9-e9518a674307,c5d5ab4d-970a-43d7-abc3-3d33152584a7,William,Brown,1972-07-26,9976,Full name reported,Full DOB reported,Client doesn't know,female,American Indian or Alaska Native; Not Hispanic or Latino,No,No,ES,Emergency Shelter,105eeff1-8896-454b-8c81-8dd3deddc45a,Other,Tacoma/Lakewood CoC,20250702,20251117,02,Completed program,Not Housed,Permanent housing,Emergency Shelter Placement,20260111,4,20250708,No,5c9cbd79-f354-46df-9e06-e884b9e77c84,accepted,Accepted,MultiCare Health System,20250519,Yes,No,20251102,MultiCare Health System,BitFocus-Clarity-HMIS,BitFocus Clarity
372a2def-1c75-416e-a74c-d35fc94de5c1,d89d6010-7e5b-41e5-8cbb-62b3dea95321,f8b87c74-67fa-4e5a-a02f-524fe8f5485c,James,Williams,1954-10-05,4784,Full name reported,Full DOB reported,Full SSN reported,male,Asian|Native Hawaiian or Other Pacific Islander; Not Hispanic or Latino,No,Yes,HO,Hotel/motel,62eaf9aa-322c-49ee-b5b5-7efe370c648f,Street Outreach,Tacoma/Lakewood CoC,20260108,,,,,,VI-SPDAT Assessment,20260116,8,20250418,Yes,b6b576bd-db5c-407e-8545-0751484fe3bd,accepted,Accepted,MultiCare Health System,20250323,Yes,No,20250907,MultiCare Health System,BitFocus-Clarity-HMIS,BitFocus Clarity
fced76da-b374-496a-8b03-9a4e4fd114ff,3e7f6b5a-34a4-4ae3-960f-5837cb67aed7,4cdee6ba-7c4a-4165-9fc1-4c30e2f5e739,David,Anderson,1954-08-27,5862,Full name reported,Full DOB reported,Client doesn't know,female,Asian; Not Hispanic or Latino,No,Yes,HO,Hotel/motel,56207def-b14a-473b-944f-78d422d6ab30,Transitional Housing,Tacoma/Lakewood CoC,20240612,20240814,02,Completed program,Not Housed,Temporary housing,VI-SPDAT Assessment,20250531,16,20260105,No,c1d10895-6444-46e7-9f2e-801ebd7f877d,no_show,No Show,UW Medical Center,20250624,Yes,No,20260212,UW Medical Center,BitFocus-Clarity-HMIS,BitFocus Clarity
d535df74-80bb-486f-84e4-71ac38cffdb3,b14f3467-6a0c-460e-8d4c-bff5ce21c06a,96bdb30d-4c6e-41b3-9664-eb0d71168ec4,Priya,Khan,1956-06-04,6183,Full name reported,Full DOB reported,Full SSN reported,male,Native Hawaiian or Other Pacific Islander|Asian; Not Hispanic or Latino,No,Yes,PH,Permanent Housing,25dc5b02-aece-4499-a29c-00a39f72365d,Other,Tacoma/Lakewood CoC,20250319,20250914,03,Non-compliance with program rules,Housed,Institutional,Housing Identified,20251025,5,20251130,Unknown,f965728f-fa8e-452d-aa97-aedcaf7cc4dd,declined,Declined,PeaceHealth St. Joseph,20250529,Yes,No,20250916,PeaceHealth St. Joseph,BitFocus-Clarity-HMIS,BitFocus Clarity
35a893ec-7ff5-44b1-94df-4ad26edf8d65,f0d31fba-9f08-4ad5-8637-9876eb0c26a1,ac64c74b-6a35-4392-9775-9a6a639c7881,Michael,Williams,1958-05-30,1841,Full name reported,Full DOB reported,Partial SSN,male,Black or African American|Native Hawaiian or Other Pacific Islander; Not Hispanic or Latino,No,Yes,HH,Place not meant for human habitation,e7859eb9-67d7-4019-8d08-261ab24b70dc,Other,Spokane CoC,20250206,,,,,,Referral to PSH,20260208,9,20251211,Yes,2cf10534-eee5-48ce-b7e2-6565c69d1896,accepted,Accepted,UW Medical Center,20250402,Yes,No,20260224,UW Medical Center,BitFocus-Clarity-HMIS,BitFocus Clarity
e4ddea03-941a-44b7-aaca-b377761b963f,97556b65-4333-422b-883e-769eb541a22a,6dc1ea9f-688e-457c-948c-fe8fd1f242de,Priya,Chen,2014-09-24,5399,Full name reported,Full DOB reported,Full SSN reported,male,American Indian or Alaska Native; Not Hispanic or Latino,No,Yes,HH,Place not meant for human habitation,dfe63b5a-31fe-4dbe-8a29-b3a9d2123c51,Other,Seattle/King County CoC,20251206,20260714,05,Reached maximum time allowed,Not Housed,Permanent housing,Referral to RRH,20260124,7,20250715,No,ca2f4fad-d98b-4c28-8074-820836683764,accepted,Accepted,UW Medical Center,20250501,Yes,No,20251210,UW Medical Center,BitFocus-Clarity-HMIS,BitFocus Clarity
e5c061fa-0442-417e-abe0-2c71e7acf8c8,a69966c6-450a-482a-9d22-492a78e20441,fe25d8a9-1fb6-4bea-aa94-40c7faa90c05,Ana,Taylor,1981-06-06,9906,Partial name reported,Full DOB reported,Full SSN reported,male,White|Native Hawaiian or Other Pacific Islander; Not Hispanic or Latino,No,Yes,OT,Other,05298798-ad35-49b5-88a9-d73ff4db73ca,Permanent Supportive Housing,Washington Balance of State CoC,20250713,20260105,02,Completed program,Unknown,Permanent housing,Problem Solving,20250629,16,20250427,Yes,415eed3a-0807-4491-ac18-6c3d3ac54494,accepted,Accepted,Swedish Medical Center,20250830,Yes,No,20251215,Swedish Medical Center,BitFocus-Clarity-HMIS,BitFocus Clarity
267a4cdc-4e63-4071-944b-08c1aa3d62c9,d65a99fa-299a-4dd4-88a4-d056821ae11e,868a8b61-e53f-4bc0-8cad-e53d5b5ef176,Yuki,Smith,1976-06-10,7356,Client doesn't know,Full DOB reported,Client refused,male,American Indian or Alaska Native; Not Hispanic or Latino,No,No,OT,Other,2519664b-1e79-4a2c-81d1-2696a8ef877f,Homelessness Prevention,Tacoma/Lakewood CoC,20250917,,,,,,Referral to PSH,20251006,11,20250419,No,1b43d34d-a152-4715-976e-3c189df67252,accepted,Accepted,Swedish Medical Center,20250730,Yes,No,20260103,Swedish Medical Center,BitFocus-Clarity-HMIS,BitFocus Clarity
42c87df5-9672-4165-9f5e-bf63a3ce70f5,c2441161-4a21-4df8-a503-b00bed89a353,a40498f0-42d1-433b-8212-97a271e47da3,Jennifer,Smith,1971-06-06,2345,Full name reported,Full DOB reported,Client refused,male,White|Asian; Not Hispanic or Latino,No,Client doesn't know,TH,Transitional Housing,0218ed98-229e-408d-a1e8-044dae417d1c,Homelessness Prevention,Washington Balance of State CoC,20250424,20250927,01,Left for a housing opportunity before completing program,Not Housed,Institutional,Phone Intake,20251123,11,20260206,No,14740473-e390-4cfc-ab2a-5ec73f14fc11,accepted,Accepted,UW Medical Center,20251008,Yes,No,20250918,UW Medical Center,BitFocus-Clarity-HMIS,BitFocus Clarity
b87659c0-6bd0-47cc-b442-c3b50799be8e,768cdab2-8373-4e18-b3e0-f3b9df2d9473,c6d9e325-0efe-4434-a6d1-f0affc9b999a,Marcus,Khan,1949-02-01,4220,Full name reported,Full DOB reported,Client refused,male,White; Not Hispanic or Latino,No,Yes,DO,Doubled up with family or friends,cb5ba82d-c6e5-4b46-ae49-29a0b8649d64,Rapid Re-Housing,Spokane CoC,20260203,,,,,,Problem Solving,20260118,13,20251114,No,7c811bdc-a1cd-4f2c-aacc-e0adeff5de38,no_show,No Show,Virginia Mason Medical Center,20250701,Yes,No,20251203,Virginia Mason Medical Center,BitFocus-Clarity-HMIS,BitFocus Clarity
5ca90283-85bf-4d3d-985a-f30b87ff2e4a,763a9561-5161-4fa6-b4b1-91c0bdea7b9c,ce994b9d-7087-47dc-873b-16fd4a1f90a1,Samuel,Anderson,1987-10-23,7457,Full name reported,Full DOB reported,Partial SSN,female,Native Hawaiian or Other Pacific Islander|American Indian or Alaska Native; Unknown,No,Yes,DO,Doubled up with family or friends,9ac7140c-7d5f-42f6-97da-9b0e7041d4f1,Emergency Shelter,Spokane CoC,20250321,20250729,06,Needs could not be met by program,Housed,Other,Problem Solving,20251127,5,20251112,Yes,7a92f606-fc72-4acf-899b-c9f4a27e183c,pending,Pending,Virginia Mason Medical Center,20250617,Yes,No,20251105,Virginia Mason Medical Center,BitFocus-Clarity-HMIS,BitFocus Clarity
ecc67c5c-38ff-45e8-9ad1-9f88fdce5224,e171387b-124d-4ccd-b039-b4d41017425f,9419ad00-ff70-4f20-83f8-9e68392ce02f,Aisha,Davis,1975-08-04,3138,Full name reported,Full DOB reported,Client doesn't know,male,Black or African American|Asian; Not Hispanic or Latino,No,Client doesn't know,HH,Place not meant for human habitation,a8fe3a45-0db4-40b7-83c5-306a6c0ebeeb,Permanent Supportive Housing,Washington Balance of State CoC,20260116,,,,,,Housing Identified,20250930,12,20250622,Unknown,35cf73de-ea8f-4490-9158-8aaf7009ac9d,pending,Pending,Virginia Mason Medical Center,20251216,Yes,No,20251231,Virginia Mason Medical Center,BitFocus-Clarity-HMIS,BitFocus Clarity
c75e78b6-353e-41e4-bae6-5702a9d35c4d,c9af89a6-6337-4a3c-a7c8-3625498c61f0,4ef700da-e575-4cb8-96a1-f9392178e3a4,Robert,Taylor,1988-04-08,2575,Partial name reported,Full DOB reported,Client doesn't know,male,Black or African American|American Indian or Alaska Native; Not Hispanic or Latino,Yes,No,HH,Place not meant for human habitation,55937007-8ea7-4f22-9993-7b7ec5e0c7ff,Transitional Housing,Seattle/King County CoC,20251103,20260829,06,Needs could not be met by program,Not Housed,Permanent housing,Problem Solving,20250308,10,20250614,No,838760a7-9102-4620-b95a-09565ce4a141,declined,Declined,UW Medical Center,20250612,Yes,No,20250922,UW Medical Center,BitFocus-Clarity-HMIS,BitFocus Clarity
8aff9a9c-3628-4f34-b0e4-6f6f715ab98a,e3e78ca6-a51d-4d60-8746-ded24fdb4638,8c778f71-894c-404c-ae98-61a1efb08016,Sarah,Chen,2004-05-29,1152,Partial name reported,Full DOB reported,Partial SSN,male,Black or African American|White; Not Hispanic or Latino,Yes,No,HO,Hotel/motel,b9f6b09e-8136-47e2-be13-f7c8d6e780de,Rapid Re-Housing,Tacoma/Lakewood CoC,20250221,,,,,,Referral to PSH,20260109,1,20251118,No,3ca42131-2681-4fae-acdd-8cd2159095d0,accepted,Accepted,Swedish Medical Center,20260213,Yes,No,20251222,Swedish Medical Center,BitFocus-Clarity-HMIS,BitFocus Clarity
fd962826-f4d4-4b30-941f-e5653c26c6d4,bc7b7647-4fe4-431b-936b-093ff75a1954,b05ee20a-8cf3-448e-81ae-3cc3f144c4c0,Omar,Lee,1995-07-06,8995,Client refused,Full DOB reported,Partial SSN,transgender-female,Native Hawaiian or Other Pacific Islander|White; Hispanic or Latino,No,Yes,DO,Doubled up with family or friends,5038e3a8-62b4-4e0d-9713-e137695b118b,Emergency Shelter,Seattle/King County CoC,20241115,20250613,99,Unknown/other,Housed,Temporary housing,Housing Identified,20250930,9,20251215,No,fabbb721-91d7-46fb-83fc-2e0ea6dcef09,accepted,Accepted,UW Medical Center,20250417,Yes,No,20251110,UW Medical Center,BitFocus-Clarity-HMIS,BitFocus Clarity
6169a140-64b5-4f4f-9df1-e364f7a9ba78,e19c7d4e-c07d-4932-997d-1e21f0e39a00,5fee60d3-3663-471d-b7e9-9d5f13b2e060,James,Taylor,2016-02-18,1175,Full name reported,Full DOB reported,Client doesn't know,female,American Indian or Alaska Native|Asian; Not Hispanic or Latino,No,Client doesn't know,PH,Permanent Housing,31d6b540-9a14-4b8f-800c-7836c27b1005,Homelessness Prevention,Spokane CoC,20250326,,,,,,Emergency Shelter Placement,20250901,2,20250822,No,9b93c675-1f04-4164-b541-6cb7bb90484b,no_show,No Show,Swedish Medical Center,20250425,Yes,No,20251204,Swedish Medical Center,BitFocus-Clarity-HMIS,BitFocus Clarity
654ef01f-0eac-4ba5-8e9f-3c2642578eb5,564f0069-4e6c-4716-b9d8-df07acf75c0d,3a21dec2-3491-47c4-8e3f-4e360218a6db,Aisha,Anderson,1965-04-13,2595,Full name reported,Full DOB reported,Partial SSN,non-binary,Asian|Native Hawaiian or Other Pacific Islander; Not Hispanic or Latino,No,No,TH,Transitional Housing,1bf03e04-813e-45ea-bc34-d67927a270c0,Rapid Re-Housing,Spokane CoC,20241115,20250807,06,Needs could not be met by program,Housed,Institutional,Emergency Shelter Placement,20251206,10,20251216,No,2bb9655d-7e73-4860-a8cc-ba0aab791021,pending,Pending,Swedish Medical Center,20260223,Yes,No,20260101,Swedish Medical Center,BitFocus-Clarity-HMIS,BitFocus Clarity
19d4b233-e303-421c-b363-d566a1b332c6,e35a9475-136a-4717-abb7-0fb9fd2a8de6,3f392734-1735-4937-afa1-581298d5f0ef,Rosa,Chen,1938-08-24,7085,Full name reported,Approx/partial DOB,Client doesn't know,male,Black or African American; Not Hispanic or Latino,No,Yes,PH,Permanent Housing,5250afd4-801b-421b-9c07-3a074a5f213d,Homelessness Prevention,Spokane CoC,20240423,20250408,06,Needs could not be met by program,Not Housed,Permanent housing,Phone Intake,20250322,13,20250812,No,20f97f81-1208-4eaa-955a-22a6fe1626fa,accepted,Accepted,PeaceHealth St. Joseph,20250429,Yes,No,20251029,PeaceHealth St. Joseph,BitFocus-Clarity-HMIS,BitFocus Clarity
faab0a0b-1233-4720-976d-2589898d31ef,c2897854-8bd8-404a-94cf-e44b235e7b38,4e80fc5c-2cc3-445f-add0-4daaed4411a2,Lisa,Jackson,2004-10-07,9885,Full name reported,Full DOB reported,Full SSN reported,male,Native Hawaiian or Other Pacific Islander; Not Hispanic or Latino,No,Yes,SH,Safe Haven,237565a4-99e2-40bd-8468-5ace2f5270fc,Rapid Re-Housing,Seattle/King County CoC,20241028,,,,,,Problem Solving,20250523,16,20251126,Yes,f62e708f-dc71-4647-ade4-876764b8c57c,accepted,Accepted,PeaceHealth St. Joseph,20250530,Yes,No,20251020,PeaceHealth St. Joseph,BitFocus-Clarity-HMIS,BitFocus Clarity
561ba7f2-2965-4ee4-868b-bc6f3a069481,8276f73e-32f7-408f-bd8c-311e0985c5bb,d9b36ed3-b14e-4e28-b16a-4a418980fa66,Henry,Garcia,1974-01-17,7783,Full name reported,Full DOB reported,Client refused,male,Native Hawaiian or Other Pacific Islander; Not Hispanic or Latino,No,Yes,PH,Permanent Housing,bae48266-0b52-43a4-94d5-bc290cb3ccfb,Emergency Shelter,Seattle/King County CoC,20250919,,,,,,Emergency Shelter Placement,20250928,11,20250719,Yes,1a9cdf55-f373-494e-b0f6-a5de5ff24af6,accepted,Accepted,Swedish Medical Center,20250815,Yes,No,20251117,Swedish Medical Center,BitFocus-Clarity-HMIS,BitFocus Clarity
5cb5c9c4-c201-4dc8-883a-9295735343d0,68995f7c-ed8f-4f31-a586-5f8df0ec8531,47bb2bdd-fcca-463b-8a6e-f2104aca1591,Marcus,Anderson,1975-02-28,6125,Full name reported,Full DOB reported,Client doesn't know,female,Native Hawaiian or Other Pacific Islander; Not Hispanic or Latino,Yes,Yes,SH,Safe Haven,6da507db-fe85-4355-8661-23d23870da74,Homelessness Prevention,Washington Balance of State CoC,20240414,20241115,05,Reached maximum time allowed,Not Housed,Permanent housing,Housing Identified,20250522,5,20250309,Yes,22c2f074-0280-4174-b729-e06b85c54008,accepted,Accepted,MultiCare Health System,20251219,Yes,No,20251103,MultiCare Health System,BitFocus-Clarity-HMIS,BitFocus Clarity
2d6e21ac-efa9-4322-b136-8813bd039c13,75893cf1-fbfc-49c3-accf-c8cbe223d821,fdea12d1-12a4-468f-a2aa-d48b608260bb,Marcus,Johnson,1986-04-12,1459,Full name reported,Full DOB reported,Full SSN reported,female,White|Native Hawaiian or Other Pacific Islander; Not Hispanic or Latino,No,Yes,SH,Safe Haven,87708497-2d2a-49a7-a218-f508156069f8,Emergency Shelter,Spokane CoC,20241211,,,,,,Referral,20250928,5,20250827,No,c0af2a33-fb35-44ec-ba37-84fa803d26ea,accepted,Accepted,PeaceHealth St. Joseph,20250810,Yes,No,20251031,PeaceHealth St. Joseph,BitFocus-Clarity-HMIS,BitFocus Clarity
775b2139-9db3-4832-b5cf-d419dc497212,21f61905-3af8-406e-b19a-761d6c7401f1,bf7a7e3e-6797-4742-8af7-9c7fa6800419,Michael,Garcia,1977-07-21,2380,Full name reported,Full DOB reported,Full SSN reported,transgender-female,American Indian or Alaska Native|Black or African American; Not Hispanic or Latino,Yes,No,HH,Place not meant for human habitation,e96b0bef-d3e1-4935-ba0a-1fba23632022,Transitional Housing,Washington Balance of State CoC,20240521,20240719,99,Unknown/other,Not Housed,Other,VI-SPDAT Assessment,20260210,4,20250927,Yes,2cc906e0-4daf-490f-b6c2-bacfa0d58e3c,pending,Pending,Virginia Mason Medical Center,20251112,Yes,No,20251224,Virginia Mason Medical Center,BitFocus-Clarity-HMIS,BitFocus Clarity
eedc3702-f8a6-4fca-b66a-000dbfe16a0b,ba4184e1-6daa-4c3b-b90e-301498a2554b,db0ef305-78b4-44c6-a2ab-af431118aba2,Nadia,Williams,1953-08-17,5158,Full name reported,Full DOB reported,Full SSN reported,transgender-male,American Indian or Alaska Native; Not Hispanic or Latino,No,Yes,SH,Safe Haven,34051383-42e7-45e5-8247-bcd2bd75f8c6,Homelessness Prevention,Tacoma/Lakewood CoC,20250214,20251010,99,Unknown/other,Housed,Temporary housing,VI-SPDAT Assessment,20251202,0,20251128,No,e42b9d7a-bd89-42cf-8ac4-faa0ad38fd50,pending,Pending,Swedish Medical Center,20251130,Yes,No,20260119,Swedish Medical Center,BitFocus-Clarity-HMIS,BitFocus Clarity
5ff3642e-f939-42b4-86cd-b4f507403e89,2239ca9d-56ea-4305-b77c-fb5dd13559b8,125ad79d-89d0-41a1-8d4d-f36857d2bdde,Wei,Davis,2022-06-28,7386,Full name reported,Full DOB reported,Client refused,female,Black or African American|Native Hawaiian or Other Pacific Islander; Not Hispanic or Latino,No,Client doesn't know,HO,Hotel/motel,df9a5a41-5d47-446a-a5b1-495f87321708,Homelessness Prevention,Seattle/King County CoC,20250703,20260417,03,Non-compliance with program rules,Housed,Other,Housing Identified,20251109,12,20250717,Yes,d1c77c4b-e8b8-4615-abde-7c51f930dd22,accepted,Accepted,Swedish Medical Center,20250318,Yes,No,20260204,Swedish Medical Center,BitFocus-Clarity-HMIS,BitFocus Clarity
9ab5def0-73bb-4570-89f7-c91aac5d7b11,830323cc-4307-4680-8a4f-9e67aa891e1e,d058b6f2-f6b2-4e01-b4a5-e6ddc7ec33ef,Priya,Lee,2003-11-19,2712,Full name reported,Client doesn't know,Client doesn't know,male,White; Hispanic or Latino,No,No,DO,Doubled up with family or friends,c18f4621-6fe6-49e4-ae65-10bd007cebb3,Emergency Shelter,Spokane CoC,20250524,,,,,,Problem Solving,20250422,0,20250726,Yes,1044646d-be60-483e-9a47-4be2b3b0fe88,declined,Declined,Swedish Medical Center,20250902,Yes,No,20250918,Swedish Medical Center,BitFocus-Clarity-HMIS,BitFocus Clarity
19749268-5383-4543-8899-255bc79cde61,7de8a127-ea41-42bd-9f1b-049c89c7820d,c3ea423a-541d-4de8-bf53-2f1057067d37,Destiny,White,1947-04-15,4622,Full name reported,Full DOB reported,Full SSN reported,male,White; Not Hispanic or Latino,No,No,SH,Safe Haven,76867e6a-7f03-4863-bec6-bd70eac0046b,Rapid Re-Housing,Spokane CoC,20240723,,,,,,Problem Solving,20251227,15,20250522,No,1b6f8423-ba32-49d5-ba94-950380b5145c,no_show,No Show,UW Medical Center,20251111,Yes,No,20251102,UW Medical Center,BitFocus-Clarity-HMIS,BitFocus Clarity
7f6a491d-ecbb-4170-b7b4-a76b54190d8d,090ee73a-b178-42b7-a5e9-1122f92c948d,783b56c0-e013-4d82-9cbd-ffea20539a51,Samuel,Thomas,1941-05-25,5881,Client doesn't know,Full DOB reported,Full SSN reported,male,White; Not Hispanic or Latino,No,No,ES,Emergency Shelter,488996d0-e10d-4a93-aaf1-d7618c4d84a1,Street Outreach,Tacoma/Lakewood CoC,20241107,20250105,05,Reached maximum time allowed,Housed,Permanent housing,Problem Solving,20251220,13,20251128,No,5ca1afc4-7049-40a3-9021-8f0158d16c5f,accepted,Accepted,MultiCare Health System,20250930,Yes,No,20251015,MultiCare Health System,BitFocus-Clarity-HMIS,BitFocus Clarity
94a07556-aa9e-49ca-a398-e00d9fed9a39,49890ce6-6378-414b-bc6c-be30879f278b,fa7af8c1-8f62-455f-82bc-60e6eb80af2e,Nadia,Martinez,2024-12-03,9152,Client doesn't know,Full DOB reported,Full SSN reported,female,Asian; Not Hispanic or Latino,No,Yes,SH,Safe Haven,0f4ec6e2-be9c-4179-a6c9-1556cb2656b7,Street Outreach,Washington Balance of State CoC,20250428,20250921,02,Completed program,Housed,Temporary housing,Referral,20250504,13,20250316,No,1d0b8d0f-890e-4c6a-8ccf-2e069e8f05f6,accepted,Accepted,Swedish Medical Center,20250924,Yes,No,20251221,Swedish Medical Center,BitFocus-Clarity-HMIS,BitFocus Clarity
